﻿{
  "Controller": {
    "Listener": {
      "__type": "ExtendedEventsWorkloadListener",
      "ConnectionInfo": {
        "ServerName": "fabianoamorimtest1.database.windows.net",
        "DatabaseName": "Northwind",
        "UserName": "fabiano",
        "Password": "@bc123456789"
      },
      "DatabaseFilter": "Northwind",
      "FileTargetPath": "https://storagefabianoamorim1.blob.core.windows.net/events/file.xel"
    },
    "Consumers": [
      {
        "__type": "AnalysisConsumer",
        "ConnectionInfo": {
          "ServerName": "DELLFABIANO\\SQL2019",
          "UserName": "sa",
          "Password": "@bc12345",
          "DatabaseName": "SqlWorkload",
          "SchemaName": "replay"
        },
        "UploadIntervalSeconds": 60
      }
    ]
  }
}