﻿{
  "Controller": {
    "Listener": {
      "__type": "ExtendedEventsWorkloadListener",
      "ConnectionInfo": {
        "ServerName": "DELLFABIANO\\SQL2019",
        "UserName": "sa",
        "Password": "@bc12345"
      },
      "DatabaseFilter": "Northwind"
    },
    "Consumers": [
      {
        "__type": "ReplayConsumer",
        "ConnectionInfo": {
          "ServerName": "fabianoamorimtest1.database.windows.net",
          "DatabaseName": "Northwind",
          "UserName": "fabiano",
          "Password": "@bc123456789"
        }
      },
      {
        "__type": "AnalysisConsumer",
        "ConnectionInfo": {
          "ServerName": "DELLFABIANO\\SQL2019",
          "UserName": "sa",
          "Password": "@bc12345",
          "DatabaseName": "SqlWorkload",
          "SchemaName": "baseline"
        },
        "UploadIntervalSeconds": 60
      }
    ]
  }
}