﻿{
  "Controller": {
    "Listener": {
      "__type": "ExtendedEventsWorkloadListener",
      "ConnectionInfo": {
        "ServerName": "VM4\\SQL2012",
        "UserName": "sa",
        "Password": "@bc12345"
      }
    },
    "Consumers": [
      {
        "__type": "WorkloadFileWriterConsumer",
        "OutputFile": "D:\\Fabiano\\Trabalho\\Pythian\\Customers\\Statpro_Confluence\\SQLWorkload presentation\\1 - Demo, Read committed snapshot isolation level\\SqlWorkload.sqlite"
      }
    ]
  }
}