﻿{
    "Controller": {
      "Listener": {
        "__type": "FileWorkloadListener",
        "Source": "D:\\Fabiano\\Trabalho\\Pythian\\Customers\\Statpro_Confluence\\SQLWorkload presentation\\1 - Demo, Read committed snapshot isolation level\\SqlWorkload.sqlite",
        "SynchronizationMode": "false"
      },
        "Consumers":
        [
          {
            "__type": "ReplayConsumer",
            "ConnectionInfo": {
              "ServerName": "VM3\\SQL2019",
              "UserName": "sa",
              "Password": "@bc12345"
            },
            "QueryTimeoutSeconds": "600", // 10 minutes
            "DisplayWorkerStats": "true",
            "MimicApplicationName": "true"
          }
        ]
    }
}